building,point,atlas,bytes,buildMs,familyCapture
cannhamauxamhoanchinh,"(1.64, -11.02)",1024x951,3895296,6.6025,True
cannhamauxamhoanchinh (1),"(-82.36, 16.98)",1024x951,3895296,1.0031,False
cannhamauxamhoanchinh (2),"(-89.36, 20.98)",1024x951,3895296,1.0755,False
cannhasieuvipprodachinhsua,"(21.27, -5.27)",1024x862,3530752,2.4784,True
cannhasieuvipprodachinhsua (1),"(-43.73, -0.27)",1024x862,3530752,2.2327,False
cannhasieuvipprodachinhsua (10),"(49.27, 11.73)",1024x862,3530752,2.286,False
cannhasieuvipprodachinhsua (11),"(-74.73, 5.73)",1024x862,3530752,2.2379,False
cannhasieuvipprodachinhsua (12),"(-48.73, 50.73)",1024x862,3530752,2.2872,False
cannhasieuvipprodachinhsua (2),"(-1.27, 17.73)",1024x862,3530752,0.3926,False
cannhasieuvipprodachinhsua (3),"(-18.73, -13.27)",1024x862,3530752,2.265,False
cannhasieuvipprodachinhsua (4),"(-87.81, -9.27)",1024x862,3530752,2.2688,False
cannhasieuvipprodachinhsua (5),"(54.27, -16.27)",1024x862,3530752,2.2664,False
cannhasieuvipprodachinhsua (6),"(80.27, -28.27)",1024x862,3530752,2.4004,False
cannhasieuvipprodachinhsua (7),"(29.27, 22.73)",1024x862,3530752,2.5135,False
cannhasieuvipprodachinhsua (8),"(-17.73, 65.73)",1024x862,3530752,2.2924,False
cannhasieuvipprodachinhsua (9),"(13.27, 29.73)",1024x862,3530752,2.2403,False
cannhatotamhoanchinh,"(11.35, -16.59)",1024x812,3325952,2.2334,True
cannhatotamhoanchinh (1),"(-29.65, -19.09)",1024x812,3325952,4.5928,False
cannhatotamhoanchinh (2),"(0.35, 24.91)",1024x812,3325952,2.2408,False
cannhatotamhoanchinh (3),"(58.35, -30.09)",1024x812,3325952,2.2451,False
cannhatotamhoanchinh (4),"(-35.65, 58.91)",1024x812,3325952,2.134,False
cannhatotamhoanchinh (5),"(47.35, 0.91)",1024x812,3325952,2.3306,False
cannhatotamhoanchinh (6),"(11.41, -31.09)",1024x812,3325952,2.5899,False
cannhatotamhoanchinh (7),"(-90.59, -24.09)",1024x812,3325952,2.2861,False
chungcumaucamdachinhsua (1),"(-60.91, 4.81)",1024x728,2981888,2.8697,True
chungcumaucamdachinhsua (2),"(2.51, -22.19)",1024x709,2904064,0.3886,False
chungcumaucamdachinhsua (3),"(36.84, 27.81)",1024x728,2981888,2.8012,False
chungcumaucamdachinhsua (4),"(-102.87, -16.19)",1024x728,2981888,2.7549,False
cuahang_FIX,"(-5.17, 4.47)",1024x700,2867200,2.8874,True
hospital,"(-46.65, 16.41)",2052x1216,9980928,12.3854,True
Hospital_Small_FIXED,"(-49.58, 37.43)",1077x693,2985444,3.5856,True
nhachinhxaydautien (1),"(27.96, -11.05)",1024x807,3305472,1.9185,True
nhachinhxaydautien (10),"(-67.96, 0.95)",1024x807,3305472,1.7756,False
nhachinhxaydautien (11),"(-93.96, -13.05)",1024x807,3305472,1.882,False
nhachinhxaydautien (12),"(-38.04, 45.95)",1024x807,3305472,1.9646,False
nhachinhxaydautien (13),"(3.42, 1.03)",1024x807,3305472,1.7843,False
nhachinhxaydautien (2),"(46.96, -13.05)",1024x807,3305472,1.9336,False
nhachinhxaydautien (3),"(62.96, -20.05)",1024x807,3305472,1.7857,False
nhachinhxaydautien (4),"(71.96, -24.05)",1024x807,3305472,1.6873,False
nhachinhxaydautien (5),"(-32.96, -5.05)",1024x807,3305472,1.8578,False
nhachinhxaydautien (6),"(-8.04, -18.05)",1024x807,3305472,1.7653,False
nhachinhxaydautien (7),"(21.96, 25.95)",1024x807,3305472,1.8281,False
nhachinhxaydautien (8),"(-26.04, 67.95)",1024x807,3305472,1.7451,False
nhachinhxaydautien (9),"(38.96, 16.95)",1024x807,3305472,1.8757,False
nhamauxam,"(-5.49, -5.22)",1024x952,3899392,1.2989,True
nhamauxam (1),"(40.51, -20.22)",1024x952,3899392,1.4277,False
nhamauxam (10),"(26.49, -22.22)",1024x952,3899392,0.3916,False
nhamauxam (11),"(0.51, -32.22)",1024x952,3899392,1.3038,False
nhamauxam (12),"(16.51, 14.78)",1024x952,3899392,1.2826,False
nhamauxam (13),"(34.51, -5.22)",1024x952,3899392,1.3215,False
nhamauxam (14),"(15.51, 3.78)",1024x952,3899392,1.1983,False
nhamauxam (15),"(-72.51, -13.22)",1024x952,3899392,1.2267,False
nhamauxam (2),"(37.51, 5.78)",1024x952,3899392,1.6239,False
nhamauxam (3),"(-31.49, 5.78)",1024x952,3899392,1.3052,False
nhamauxam (4),"(-13.51, -7.22)",1024x952,3899392,2.9082,False
nhamauxam (5),"(-18.49, -23.22)",1024x952,3899392,1.3171,False
nhamauxam (6),"(68.51, -35.22)",1024x952,3899392,1.4933,False
nhamauxam (7),"(-47.49, -9.22)",1024x952,3899392,1.4118,False
nhamauxam (8),"(-55.51, -4.22)",1024x952,3899392,1.682,False
nhamauxam (9),"(55.49, -7.22)",1024x952,3899392,0.4326,False
nhamauxanhla,"(-38.00, 3.32)",1024x861,3526656,0.3931,True
nhamauxanhla (1),"(26.06, 10.32)",1024x861,3526656,1.5259,False
nhamauxanhla (10),"(19.00, -26.68)",1024x861,3526656,1.4946,False
nhamauxanhla (11),"(26.06, -0.68)",1024x861,3526656,1.6023,False
nhamauxanhla (12),"(5.06, 9.32)",1024x861,3526656,1.9184,False
nhamauxanhla (13),"(-83.00, -19.68)",1024x861,3526656,1.5448,False
nhamauxanhla (14),"(-63.00, -9.68)",1024x861,3526656,1.4772,False
nhamauxanhla (15),"(-68.94, 9.32)",1024x861,3526656,1.9939,False
nhamauxanhla (2),"(48.06, -24.68)",1024x861,3526656,1.5924,False
nhamauxanhla (3),"(51.00, 21.32)",1024x861,3526656,1.5283,False
nhamauxanhla (4),"(-8.94, -28.68)",1024x861,3526656,1.5211,False
nhamauxanhla (5),"(79.06, -40.68)",1024x861,3526656,1.4984,False
nhamauxanhla (6),"(89.06, -46.68)",1024x861,3526656,1.4811,False
nhamauxanhla (7),"(-39.94, -12.68)",1024x861,3526656,1.4629,False
nhamauxanhla (8),"(62.00, -4.68)",1024x861,3526656,1.455,False
nhamauxanhla (9),"(33.00, -19.68)",1024x861,3526656,1.7343,False
school,"(11.36, 49.93)",2555x1386,14164920,10.4659,True
SieuThi_FIX,"(-17.45, 12.03)",1292x803,4149904,4.0228,True
