sample,unityFrame,time,phase,x,y,scanX,scanY,originMismatch,maxAdjacentJump,maxAdjacentIndex,maxRayDelta,changedRays,bigChangedRays,indoorActive,surfaceActive,nextScanIn
0,1819,39.21118,approach,-39.2,45.7,-39.2,45.7,0,15.14858,119,0,0,0,1,1,0.06666565
1,1820,39.23997,approach,-39.2,45.68187,-39.2,45.7,0.01813507,15.14858,119,0,0,0,1,1,0.03787613
2,1821,39.34378,approach,-39.2,45.66373,-39.2,45.66373,0,15.194,119,13.25535,172,4,1,1,0.06666565
3,1822,39.3997,approach,-39.2,45.6456,-39.2,45.66373,0.01813507,15.194,119,0,0,0,1,1,0.01074219
4,1823,39.42138,approach,-39.2,45.62746,-39.2,45.62746,0,15.194,119,13.58936,168,2,1,1,0.06666565
5,1824,39.44144,approach,-39.2,45.60932,-39.2,45.62746,0.01813507,15.194,119,0,0,0,1,1,0.04659653
6,1825,39.46099,approach,-39.2,45.59119,-39.2,45.62746,0.03627014,15.194,119,0,0,0,1,1,0.02705002
7,1826,39.48046,approach,-39.2,45.57305,-39.2,45.57305,0,15.24016,118,15.194,172,7,1,1,0.06666565
8,1827,39.49955,approach,-39.2,45.55492,-39.2,45.57305,0.01813507,15.24016,118,0,0,0,1,1,0.0475769
9,1828,39.51696,approach,-39.2,45.53678,-39.2,45.57305,0.03627014,15.24016,118,0,0,0,1,1,0.03016663
10,1829,39.53647,approach,-39.2,45.51865,-39.2,45.51865,0,15.31084,118,13.30178,171,5,1,1,0.06666565
11,1830,39.55676,approach,-39.2,45.50051,-39.2,45.51865,0.01813507,15.31084,118,0,0,0,1,1,0.04637527
12,1831,39.57736,approach,-39.2,45.48237,-39.2,45.51865,0.03627396,15.31084,118,0,0,0,1,1,0.02577209
13,1832,39.59747,approach,-39.2,45.46424,-39.2,45.46424,0,15.31833,117,15.31084,169,8,1,1,0.06666565
14,1833,39.61899,approach,-39.2,45.4461,-39.2,45.46424,0.01813507,15.31833,117,0,0,0,1,1,0.04513931
15,1834,39.63931,approach,-39.2,45.42797,-39.2,45.46424,0.03627014,15.31833,117,0,0,0,1,1,0.02481842
16,1835,39.65665,approach,-39.2,45.40983,-39.2,45.40983,0,15.41139,117,15.31193,173,6,1,1,0.06666565
17,1836,39.71598,approach,-39.2,45.3917,-39.2,45.40983,0.01813507,15.41139,117,0,0,0,1,1,0.007343292
18,1837,39.73787,approach,-39.2,45.37356,-39.2,45.37356,0,15.41374,117,13.26656,165,2,1,1,0.06666565
19,1838,39.75804,approach,-39.2,45.35542,-39.2,45.37356,0.01813889,15.41374,117,0,0,0,1,1,0.04649353
20,1839,39.78153,approach,-39.2,45.33729,-39.2,45.37356,0.03627396,15.41374,117,0,0,0,1,1,0.02299881
21,1840,39.80064,approach,-39.2,45.31915,-39.2,45.31915,0,15.45362,116,16.85887,172,5,1,1,0.06666565
22,1841,39.82331,approach,-39.2,45.30102,-39.2,45.31915,0.01813507,15.45362,116,0,0,0,1,1,0.0439949
23,1842,39.84363,approach,-39.2,45.28288,-39.2,45.31915,0.03627014,15.45362,116,0,0,0,1,1,0.02367401
24,1843,39.86137,approach,-39.2,45.26475,-39.2,45.26475,0,15.50485,116,15.43684,174,5,1,1,0.06666565
25,1844,39.88223,approach,-39.2,45.24661,-39.2,45.26475,0.01813507,15.50485,116,0,0,0,1,1,0.04579926
26,1845,39.90292,approach,-39.2,45.22847,-39.2,45.26475,0.03627396,15.50485,116,0,0,0,1,1,0.02511597
27,1846,39.92245,approach,-39.2,45.21034,-39.2,45.21034,0,15.54074,115,15.50485,171,3,1,1,0.06666565
28,1847,39.94369,approach,-39.2,45.1922,-39.2,45.21034,0.01813507,15.54074,115,0,0,0,1,1,0.04543304
29,1848,39.96241,approach,-39.2,45.17407,-39.2,45.21034,0.03627014,15.54074,115,0,0,0,1,1,0.02671051
30,1849,39.98393,approach,-39.2,45.15593,-39.2,45.15593,0,15.58593,115,15.52633,173,4,1,1,0.06666565
31,1850,40.00604,approach,-39.2,45.1378,-39.2,45.15593,0.01813507,15.58593,115,0,0,0,1,1,0.04455566
32,1851,40.07016,approach,-39.2,45.11966,-39.2,45.11966,0,15.60812,117,15.58593,168,3,1,1,0.06666565
33,1852,40.10148,approach,-39.2,45.10153,-39.2,45.11966,0.01813507,15.60812,117,0,0,0,1,1,0.03534317
34,1853,40.12367,approach,-39.2,45.08339,-39.2,45.11966,0.03627396,15.60812,117,0,0,0,1,1,0.01315689
35,1854,40.14248,approach,-39.2,45.06525,-39.2,45.06525,0,15.65941,117,1.549626,170,2,1,1,0.06666565
36,1855,40.16278,approach,-39.2,45.04712,-39.2,45.06525,0.01813507,15.65941,117,0,0,0,1,1,0.04636383
37,1856,40.18011,approach,-39.2,45.02898,-39.2,45.06525,0.03627014,15.65941,117,0,0,0,1,1,0.02902985
38,1857,40.20182,approach,-39.2,45.01085,-39.2,45.01085,0,15.70885,113,15.69739,172,4,1,1,0.06666565
39,1858,40.22091,approach,-39.2,44.99271,-39.2,45.01085,0.01813507,15.70885,113,0,0,0,1,1,0.0475769
40,1859,40.23873,approach,-39.2,44.97458,-39.2,45.01085,0.03627014,15.70885,113,0,0,0,1,1,0.02975464
41,1860,40.25778,approach,-39.2,44.95644,-39.2,44.95644,0,15.72333,113,15.68524,173,3,1,1,0.06666565
42,1861,40.2769,approach,-39.2,44.9383,-39.2,44.95644,0.01813507,15.72333,113,0,0,0,1,1,0.04754639
43,1862,40.297,approach,-39.2,44.92017,-39.2,44.95644,0.03627014,15.72333,113,0,0,0,1,1,0.02744675
44,1863,40.31499,approach,-39.2,44.90203,-39.2,44.90203,0,15.78604,115,15.72333,174,3,1,1,0.06666565
45,1864,40.335,approach,-39.2,44.8839,-39.2,44.90203,0.01813507,15.78604,115,0,0,0,1,1,0.04666138
46,1865,40.35412,approach,-39.2,44.86576,-39.2,44.90203,0.03627014,15.78604,115,0,0,0,1,1,0.02754211
47,1866,40.42003,approach,-39.2,44.84763,-39.2,44.84763,0,15.82771,111,15.78175,171,3,1,1,0.06666565
48,1867,40.4484,approach,-39.2,44.82949,-39.2,44.84763,0.01813889,15.82771,111,0,0,0,1,1,0.03829956
49,1868,40.47246,approach,-39.2,44.81136,-39.2,44.84763,0.03627396,15.82771,111,0,0,0,1,1,0.01423645
50,1869,40.49366,approach,-39.2,44.79322,-39.2,44.79322,0,15.87439,114,1.299108,170,2,1,1,0.06666565
51,1870,40.5195,approach,-39.2,44.77509,-39.2,44.79322,0.01813507,15.87439,114,0,0,0,1,1,0.0408287
52,1871,40.5464,approach,-39.2,44.75695,-39.2,44.79322,0.03627014,15.87439,114,0,0,0,1,1,0.01392746
53,1872,40.58064,approach,-39.2,44.73882,-39.2,44.73882,0,15.90949,113,15.90949,172,3,1,1,0.06666565
54,1873,40.60622,approach,-39.2,44.72068,-39.2,44.73882,0.01813507,15.90949,113,0,0,0,1,1,0.04109192
55,1874,40.62865,approach,-39.2,44.70255,-39.2,44.73882,0.03627014,15.90949,113,0,0,0,1,1,0.0186615
56,1875,40.64884,approach,-39.2,44.68441,-39.2,44.68441,0,15.92505,109,15.8934,173,3,1,1,0.06666565
57,1876,40.67134,approach,-39.2,44.66627,-39.2,44.68441,0.01813507,15.92505,109,0,0,0,1,1,0.04416275
58,1877,40.69501,approach,-39.2,44.64814,-39.2,44.68441,0.03627014,15.92505,109,0,0,0,1,1,0.02049255
59,1878,40.72038,approach,-39.2,44.63,-39.2,44.63,0,15.99761,112,15.92505,173,2,1,1,0.06666565
60,1879,40.74586,parallel,-39.7,44.36,-39.7,44.36,0,16.50724,111,16.50996,132,17,1,1,0.06666565
61,1880,40.77216,parallel,-39.68151,44.37008,-39.7,44.36,0.0210567,16.50724,111,0,0,0,1,1,0.0403595
62,1881,40.85267,parallel,-39.66302,44.38017,-39.66302,44.38017,0,16.47884,116,0.1746936,94,0,1,1,0.06666565
63,1882,40.88453,parallel,-39.64454,44.39025,-39.66302,44.38017,0.0210567,16.47884,116,0,0,0,1,1,0.0348053
64,1883,40.91076,parallel,-39.62605,44.40034,-39.66302,44.38017,0.04211523,16.47884,116,0,0,0,1,1,0.008579254
65,1884,40.93307,parallel,-39.60756,44.41042,-39.60756,44.41042,0,16.41923,115,16.45749,94,2,1,1,0.06666565
66,1885,40.95717,parallel,-39.58908,44.42051,-39.60756,44.41042,0.02105853,16.41923,115,0,0,0,1,1,0.04256439
67,1886,40.97966,parallel,-39.57059,44.43059,-39.60756,44.41042,0.04211858,16.41923,115,0,0,0,1,1,0.02007675
68,1887,41.00438,parallel,-39.5521,44.44067,-39.5521,44.44067,0,16.34164,110,16.30808,95,2,1,1,0.06666565
69,1888,41.03117,parallel,-39.53362,44.45076,-39.5521,44.44067,0.0210567,16.34164,110,0,0,0,1,1,0.03987503
70,1889,41.05676,parallel,-39.51513,44.46084,-39.5521,44.44067,0.04211858,16.34164,110,0,0,0,1,1,0.01428604
71,1890,41.0788,parallel,-39.49664,44.47092,-39.49664,44.47092,0,16.30564,114,0.2637782,94,0,1,1,0.06666565
72,1891,41.1049,parallel,-39.47815,44.48101,-39.49664,44.47092,0.02105853,16.30564,114,0,0,0,1,1,0.04056549
73,1892,41.13456,parallel,-39.45966,44.49109,-39.49664,44.47092,0.04211858,16.30564,114,0,0,0,1,1,0.01091003
74,1893,41.16053,parallel,-39.44118,44.50118,-39.44118,44.50118,0,16.2311,109,16.26924,94,3,1,1,0.06666565
75,1894,41.1874,parallel,-39.42269,44.51126,-39.44118,44.50118,0.0210567,16.2311,109,0,0,0,1,1,0.03979492
76,1895,41.22477,parallel,-39.4042,44.52135,-39.44118,44.50118,0.04211858,16.2311,109,0,0,0,1,1,0.002426147
77,1896,41.29354,parallel,-39.38572,44.53143,-39.38572,44.53143,0,16.18814,113,0.2222757,92,0,1,1,0.06666565
78,1897,41.31618,parallel,-39.36723,44.54151,-39.38572,44.53143,0.02106005,16.18814,113,0,0,0,1,1,0.04402924
79,1898,41.33596,parallel,-39.34874,44.5516,-39.38572,44.53143,0.04211858,16.18814,113,0,0,0,1,1,0.02424622
80,1899,41.35657,parallel,-39.33025,44.56168,-39.33025,44.56168,0,16.09034,109,16.06862,96,2,1,1,0.06666565
81,1900,41.3798,parallel,-39.31176,44.57177,-39.33025,44.56168,0.02106188,16.09034,109,0,0,0,1,1,0.04344177
82,1901,41.40059,parallel,-39.29328,44.58185,-39.33025,44.56168,0.04211858,16.09034,109,0,0,0,1,1,0.02264404
83,1902,41.42107,parallel,-39.27479,44.59193,-39.27479,44.59193,0,16.06617,112,0.1932104,95,0,1,1,0.06666565
84,1903,41.44293,parallel,-39.2563,44.60202,-39.27479,44.59193,0.02106005,16.06617,112,0,0,0,1,1,0.04480743
85,1904,41.46268,parallel,-39.23782,44.6121,-39.27479,44.59193,0.04211858,16.06617,112,0,0,0,1,1,0.02505875
86,1905,41.48302,parallel,-39.21933,44.62218,-39.21933,44.62218,0,16.01332,112,16.01996,96,2,1,1,0.06666565
87,1906,41.50167,parallel,-39.20084,44.63227,-39.21933,44.62218,0.02106188,16.01332,112,0,0,0,1,1,0.04801559
88,1907,41.51944,parallel,-39.18235,44.64235,-39.21933,44.62218,0.04211858,16.01332,112,0,0,0,1,1,0.03025055
89,1908,41.5391,parallel,-39.16387,44.65244,-39.16387,44.65244,0,15.91936,108,15.88806,91,2,1,1,0.06666565
90,1909,41.55909,parallel,-39.14538,44.66252,-39.16387,44.65244,0.02106005,15.91936,108,0,0,0,1,1,0.04668045
91,1910,41.57922,parallel,-39.12689,44.67261,-39.16387,44.65244,0.04211858,15.91936,108,0,0,0,1,1,0.02654266
92,1911,41.64193,parallel,-39.1084,44.68269,-39.1084,44.68269,0,15.88551,111,1.297487,92,1,1,1,0.06666565
93,1912,41.66868,parallel,-39.08992,44.69278,-39.1084,44.68269,0.02105853,15.88551,111,0,0,0,1,1,0.03991699
94,1913,41.6913,parallel,-39.07143,44.70286,-39.1084,44.68269,0.04211523,15.88551,111,0,0,0,1,1,0.01729584
95,1914,41.71645,parallel,-39.05294,44.71294,-39.05294,44.71294,0,15.83188,111,1.292121,94,1,1,1,0.06666565
96,1915,41.74693,parallel,-39.03445,44.72303,-39.05294,44.71294,0.02105853,15.83188,111,0,0,0,1,1,0.0361824
97,1916,41.76958,parallel,-39.01597,44.73311,-39.05294,44.71294,0.04211523,15.83188,111,0,0,0,1,1,0.01353073
98,1917,41.79074,parallel,-38.99748,44.74319,-38.99748,44.74319,0,15.77825,111,1.295151,98,1,1,1,0.06666565
99,1918,41.81344,parallel,-38.97899,44.75328,-38.99748,44.74319,0.0210567,15.77825,111,0,0,0,1,1,0.04396057
100,1919,41.83514,parallel,-38.96051,44.76336,-38.99748,44.74319,0.04211523,15.77825,111,0,0,0,1,1,0.02225876
101,1920,41.85461,parallel,-38.94202,44.77345,-38.94202,44.77345,0,15.69736,110,15.69736,97,2,1,1,0.06666565
102,1921,41.87386,parallel,-38.92353,44.78353,-38.94202,44.77345,0.02105853,15.69736,110,0,0,0,1,1,0.04741287
103,1922,41.894,parallel,-38.90504,44.79361,-38.94202,44.77345,0.04211858,15.69736,110,0,0,0,1,1,0.02727509
104,1923,41.91335,parallel,-38.88655,44.8037,-38.88655,44.8037,0,15.64287,110,15.64513,96,3,1,1,0.06666565
105,1924,41.93642,parallel,-38.86807,44.81378,-38.88655,44.8037,0.0210567,15.64287,110,0,0,0,1,1,0.04359055
106,1925,41.95743,parallel,-38.84958,44.82387,-38.88655,44.8037,0.04211858,15.64287,110,0,0,0,1,1,0.02258682
107,1926,42.018,parallel,-38.83109,44.83395,-38.83109,44.83395,0,15.58839,110,1.33314,97,2,1,1,0.06666565
108,1927,42.09124,parallel,-38.81261,44.84404,-38.81261,44.84404,0,15.57022,110,1.252924,91,1,1,1,0.06666565
109,1928,42.13321,parallel,-38.79412,44.85412,-38.81261,44.84404,0.02106005,15.57022,110,0,0,0,1,1,0.02470398
110,1929,42.16119,parallel,-38.77563,44.8642,-38.77563,44.8642,0,15.5339,110,1.307219,95,1,1,1,0.06666565
111,1930,42.18425,parallel,-38.75714,44.87429,-38.77563,44.8642,0.0210567,15.5339,110,0,0,0,1,1,0.0436058
112,1931,42.20837,parallel,-38.73866,44.88437,-38.77563,44.8642,0.04211675,15.5339,110,0,0,0,1,1,0.0194931
113,1932,42.23717,parallel,-38.72017,44.89445,-38.72017,44.89445,0,15.47941,110,1.417534,98,3,1,1,0.06666565
114,1933,42.26392,parallel,-38.70168,44.90454,-38.72017,44.89445,0.02106005,15.47941,110,0,0,0,1,1,0.03990936
115,1934,42.28613,parallel,-38.68319,44.91462,-38.72017,44.89445,0.04211858,15.47941,110,0,0,0,1,1,0.01770782
116,1935,42.30685,parallel,-38.66471,44.92471,-38.66471,44.92471,0,15.38982,109,15.38982,101,4,1,1,0.06666565
117,1936,42.3379,parallel,-38.64627,44.93468,-38.66471,44.92471,0.02096214,15.38982,109,0,0,0,1,1,0.0356102
118,1937,42.36392,parallel,-38.63537,44.92937,-38.66471,44.92471,0.02970686,15.38982,109,0,0,0,1,1,0.009590149
119,1938,42.38695,parallel,-38.62442,44.92415,-38.62442,44.92415,0,15.37301,109,1.494422,166,3,1,1,0.06666565
120,1939,42.41302,parallel,-38.61364,44.91858,-38.62442,44.92415,0.01213741,15.37301,109,0,0,0,1,1,0.04059601
121,1940,42.43236,parallel,-38.5906,44.93791,-38.62442,44.92415,0.03651293,15.37301,109,0,0,0,1,1,0.02125931
122,1941,42.50111,parallel,-38.59192,44.90778,-38.59192,44.90778,0,15.37602,109,15.30505,104,4,1,1,0.06666565
123,1942,42.5368,parallel,-38.58099,44.90251,-38.59192,44.90778,0.01213075,15.37602,109,0,0,0,1,1,0.03097534
124,1943,42.55609,parallel,-38.54668,44.94473,-38.54668,44.94473,0,15.31803,109,1.45484,176,5,1,1,0.06666565
125,1944,42.57785,parallel,-38.51418,44.98325,-38.51418,44.98325,0,15.26388,109,1.397135,176,5,1,1,0.06666565
126,1945,42.59712,parallel,-38.50547,44.97349,-38.51418,44.98325,0.01308454,15.26388,109,0,0,0,1,1,0.04740143
127,1946,42.61539,parallel,-38.49854,44.96012,-38.51418,44.98325,0.02792564,15.26388,109,0,0,0,1,1,0.02913284
128,1947,42.6362,parallel,-38.48946,44.9511,-38.51418,44.98325,0.04055769,15.26388,109,0,0,0,1,1,0.008319855
129,1948,42.65784,parallel,-38.48398,44.9349,-38.48398,44.9349,0,15.26056,108,15.26056,178,2,1,1,0.06666565
130,1949,42.68439,parallel,-38.505,44.86502,-38.505,44.86502,0,15.30073,107,15.30073,175,6,1,1,0.06666565
131,1950,42.71375,parallel,-38.49419,44.8597,-38.505,44.86502,0.01204449,15.30073,107,0,0,0,1,1,0.03730774
132,1951,42.73707,parallel,-38.41195,44.99881,-38.41195,44.99881,0,15.16105,108,15.30073,179,15,1,1,0.06666565
133,1952,42.75614,parallel,-38.41516,44.965,-38.41195,44.99881,0.03396117,15.16105,108,0,0,0,1,1,0.04759598
134,1953,42.77779,parallel,-38.28251,45.20913,-38.28251,45.20913,0,1.798532,13,17.41962,180,166,1,1,0.06666565
135,1954,42.80271,parallel,-38.28547,45.17448,-38.28251,45.20913,0.03477892,1.798532,13,0,0,0,1,1,0.04174805
136,1955,42.82766,parallel,-38.22312,45.27859,-38.22312,45.27859,0,1.853911,13,2.21639,180,10,1,1,0.06666565
137,1956,42.89576,parallel,-38.18062,45.33661,-38.18062,45.33661,0,2.40867,89,2.567028,179,6,1,1,0.06666565
138,1957,42.92693,parallel,-38.18866,45.29189,-38.18062,45.33661,0.04543761,2.40867,89,0,0,0,1,1,0.03549957
139,1958,42.95033,parallel,-38.18729,45.2663,-38.18729,45.2663,0,1.861439,84,2.559749,178,6,1,1,0.06666565
140,1959,42.97629,parallel,-38.17985,45.25309,-38.18729,45.2663,0.0151644,1.861439,84,0,0,0,1,1,0.04071045
141,1960,42.99815,parallel,-38.1744,45.23644,-38.18729,45.2663,0.0325207,1.861439,84,0,0,0,1,1,0.01885223
142,1961,43.02079,parallel,-38.13276,45.29473,-38.13276,45.29473,0,2.013163,86,2.133548,138,2,1,1,0.06666565
143,1962,43.04598,parallel,-38.04768,45.26284,-38.04768,45.26284,0,1.931391,85,1.934548,101,2,1,1,0.06666565
144,1963,43.0737,parallel,-38.08465,45.20915,-38.08465,45.20915,0,1.724868,82,2.131248,179,3,1,1,0.06666565
145,1964,43.10075,parallel,-38.08895,45.21714,-38.08465,45.20915,0.009076328,1.724868,82,0,0,0,1,1,0.03961182
146,1965,43.12738,parallel,-38.04757,45.22723,-38.08465,45.20915,0.04125449,1.724868,82,0,0,0,1,1,0.01298523
147,1966,43.1589,parallel,-38.05053,45.25029,-38.05053,45.25029,0,1.996619,85,2.147141,179,3,1,1,0.06666565
148,1967,43.19656,parallel,-38.05273,45.25603,-38.05053,45.25029,0.006147769,1.996619,85,0,0,0,1,1,0.02900696
149,1968,43.22485,parallel,-38.05437,45.2576,-38.05053,45.25029,0.008253754,1.996619,85,0,0,0,1,1,0.0007209778
150,1969,43.26978,parallel,-38.03613,45.26756,-38.03613,45.26756,0,2.088054,86,2.101938,160,1,1,1,0.06666565
151,1970,43.29657,parallel,-38.01765,45.27765,-38.03613,45.26756,0.02105853,2.088054,86,0,0,0,1,1,0.03988266
152,1971,43.36452,parallel,-37.99916,45.28773,-37.99916,45.28773,0,2.174762,87,2.221758,136,1,1,1,0.06666565
153,1972,43.40023,parallel,-37.98067,45.29782,-37.99916,45.28773,0.02106188,2.174762,87,0,0,0,1,1,0.03095245
154,1973,43.42605,parallel,-37.96218,45.3079,-37.99916,45.28773,0.04211858,2.174762,87,0,0,0,1,1,0.005130768
155,1974,43.4508,parallel,-37.9437,45.31799,-37.9437,45.31799,0,2.240998,88,2.326169,137,1,1,1,0.06666565
156,1975,43.48215,parallel,-37.92521,45.32807,-37.9437,45.31799,0.02106005,2.240998,88,0,0,0,1,1,0.03531265
157,1976,43.51089,parallel,-37.90672,45.33815,-37.9437,45.31799,0.04211858,2.240998,88,0,0,0,1,1,0.006572723
158,1977,43.54349,parallel,-37.88824,45.34824,-37.88824,45.34824,0,2.34256,89,2.414179,134,1,1,1,0.06666565
159,1978,43.57005,parallel,-37.86975,45.35832,-37.88824,45.34824,0.02106188,2.34256,89,0,0,0,1,1,0.04010391
160,1979,43.5956,parallel,-37.85126,45.3684,-37.88824,45.34824,0.04211858,2.34256,89,0,0,0,1,1,0.01455688
161,1980,43.62083,parallel,-37.83277,45.37849,-37.83277,45.37849,0,2.480623,90,2.542137,137,1,1,1,0.06666565
162,1981,43.64796,parallel,-37.81429,45.38857,-37.83277,45.37849,0.0210567,2.480623,90,0,0,0,1,1,0.03953934
163,1982,43.69786,parallel,-37.7958,45.39865,-37.7958,45.39865,0,2.695962,91,2.713296,136,1,1,1,0.06666565
164,1983,43.72785,parallel,-37.77731,45.40874,-37.7958,45.39865,0.02106188,2.695962,91,0,0,0,1,1,0.03667831
165,1984,43.74994,parallel,-37.75882,45.41882,-37.7958,45.39865,0.04211858,2.695962,91,0,0,0,1,1,0.01459122
166,1985,43.7731,parallel,-37.74034,45.42891,-37.74034,45.42891,0,2.918492,92,2.968657,135,1,1,1,0.06666565
167,1986,43.84085,parallel,-37.72185,45.43899,-37.72185,45.43899,0,2.883723,92,0.1829753,130,0,1,1,0.06666565
168,1987,43.87139,parallel,-37.70336,45.44908,-37.72185,45.43899,0.02105853,2.883723,92,0,0,0,1,1,0.036129
169,1988,43.89571,parallel,-37.68488,45.45916,-37.72185,45.43899,0.04211523,2.883723,92,0,0,0,1,1,0.0118103
170,1989,43.91926,parallel,-37.66639,45.46925,-37.66639,45.46925,0,15.25438,178,15.08071,132,2,1,1,0.06666565
171,1990,43.95491,parallel,-37.6479,45.47933,-37.66639,45.46925,0.0210567,15.25438,178,0,0,0,1,1,0.0310173
172,1991,43.98935,parallel,-37.62941,45.48941,-37.62941,45.48941,0,3.099239,93,14.81987,131,1,1,1,0.06666565
173,1992,44.05725,parallel,-37.61092,45.4995,-37.61092,45.4995,0,3.156912,94,3.132178,130,1,1,1,0.06666565
174,1993,44.11331,parallel,-37.59244,45.50958,-37.61092,45.4995,0.02105853,3.156912,94,0,0,0,1,1,0.01061249
175,1994,44.17095,parallel,-37.57395,45.51966,-37.57395,45.51966,0,3.160418,94,0.08219194,130,0,1,1,0.06666565
176,1995,44.22168,parallel,-37.55546,45.52975,-37.57395,45.51966,0.02105853,3.160418,94,0,0,0,1,1,0.01593781
177,1996,44.26347,parallel,-37.53698,45.53983,-37.53698,45.53983,0,15.37786,177,15.20912,131,1,1,1,0.06666565
178,1997,44.30326,parallel,-37.51849,45.54992,-37.53698,45.53983,0.02106188,15.37786,177,0,0,0,1,1,0.02687836
179,1998,44.35492,parallel,-37.5,45.56,-37.5,45.56,0,2.988169,95,14.92716,131,2,1,1,0.06666565
