sample,unityFrame,time,phase,x,y,scanX,scanY,originMismatch,maxAdjacentJump,maxAdjacentIndex,maxRayDelta,changedRays,nextScanIn
0,1880,41.81892,approach,-39.2,45.7,-39.2,45.7,0,15.14858,119,0,0,0.06666565
1,1881,41.85017,approach,-39.2,45.67525,-39.2,45.7,0.02474594,15.14858,119,0,0,0.03541183
2,1882,41.9142,approach,-39.2,45.65051,-39.2,45.65051,0,15.194,119,13.25535,173,0.06666565
3,1883,41.94215,approach,-39.2,45.62576,-39.2,45.65051,0.02474594,15.194,119,0,0,0.03872299
4,1884,41.96918,approach,-39.2,45.60102,-39.2,45.65051,0.04949188,15.194,119,0,0,0.01169205
5,1885,41.99274,approach,-39.2,45.57627,-39.2,45.57627,0,15.2343,118,15.194,174,0.06666565
6,1886,42.01702,approach,-39.2,45.55153,-39.2,45.57627,0.02474594,15.2343,118,0,0,0.0423851
7,1887,42.03842,approach,-39.2,45.52678,-39.2,45.57627,0.04949188,15.2343,118,0,0,0.02098465
8,1888,42.05858,approach,-39.2,45.50203,-39.2,45.50203,0,15.31084,118,13.30871,175,0.06666565
9,1889,42.08062,approach,-39.2,45.47729,-39.2,45.50203,0.02474594,15.31084,118,0,0,0.04462814
10,1890,42.10448,approach,-39.2,45.45255,-39.2,45.50203,0.04948807,15.31084,118,0,0,0.02076721
11,1891,42.12619,approach,-39.2,45.4278,-39.2,45.4278,0,15.37652,117,15.31084,176,0.06666565
12,1892,42.1493,approach,-39.2,45.40305,-39.2,45.4278,0.02474594,15.37652,117,0,0,0.04355621
13,1893,42.16993,approach,-39.2,45.37831,-39.2,45.4278,0.04949188,15.37652,117,0,0,0.02292633
14,1894,42.18859,approach,-39.2,45.35356,-39.2,45.35356,0,15.41129,119,15.37652,173,0.06666565
15,1895,42.2125,approach,-39.2,45.32882,-39.2,45.35356,0.02474594,15.41129,119,0,0,0.04275131
16,1896,42.23166,approach,-39.2,45.30407,-39.2,45.35356,0.04949188,15.41129,119,0,0,0.0235939
17,1897,42.29515,approach,-39.2,45.27932,-39.2,45.27932,0,15.50485,116,15.42302,173,0.06666565
18,1898,42.32125,approach,-39.2,45.25458,-39.2,45.27932,0.02474594,15.50485,116,0,0,0.04056549
19,1899,42.34155,approach,-39.2,45.22983,-39.2,45.27932,0.04949188,15.50485,116,0,0,0.02026749
20,1900,42.36241,approach,-39.2,45.20509,-39.2,45.20509,0,15.55255,115,15.50485,173,0.06666565
21,1901,42.38329,approach,-39.2,45.18034,-39.2,45.20509,0.02474594,15.55255,115,0,0,0.045784
22,1902,42.40368,approach,-39.2,45.15559,-39.2,45.20509,0.04949188,15.55255,115,0,0,0.02539444
23,1903,42.42181,approach,-39.2,45.13085,-39.2,45.13085,0,15.59758,117,15.59758,171,0.06666565
24,1904,42.44072,approach,-39.2,45.1061,-39.2,45.13085,0.02474594,15.59758,117,0,0,0.0477562
25,1905,42.46329,approach,-39.2,45.08136,-39.2,45.13085,0.04949188,15.59758,117,0,0,0.025177
26,1906,42.48429,approach,-39.2,45.05661,-39.2,45.05661,0,15.65837,114,15.60576,173,0.06666565
27,1907,42.50511,approach,-39.2,45.03186,-39.2,45.05661,0.02474594,15.65837,114,0,0,0.04585266
28,1908,42.52654,approach,-39.2,45.00712,-39.2,45.05661,0.04949188,15.65837,114,0,0,0.02441788
29,1909,42.54673,approach,-39.2,44.98237,-39.2,44.98237,0,15.72444,116,15.65837,172,0.06666565
30,1910,42.56718,approach,-39.2,44.95763,-39.2,44.98237,0.02474213,15.72444,116,0,0,0.04621124
31,1911,42.58898,approach,-39.2,44.93288,-39.2,44.98237,0.04948807,15.72444,116,0,0,0.02441025
32,1912,42.64662,approach,-39.2,44.90814,-39.2,44.90814,0,15.78175,112,15.78018,172,0.06666565
33,1913,42.67144,approach,-39.2,44.88339,-39.2,44.90814,0.02474594,15.78175,112,0,0,0.04185104
34,1914,42.69072,approach,-39.2,44.85865,-39.2,44.90814,0.04949188,15.78175,112,0,0,0.02256775
35,1915,42.71037,approach,-39.2,44.8339,-39.2,44.8339,0,15.83499,114,15.83499,175,0.06666565
36,1916,42.72963,approach,-39.2,44.80915,-39.2,44.8339,0.02474594,15.83499,114,0,0,0.04740524
37,1917,42.75011,approach,-39.2,44.78441,-39.2,44.8339,0.04949188,15.83499,114,0,0,0.02692795
38,1918,42.76922,approach,-39.2,44.75966,-39.2,44.75966,0,15.882,110,15.83959,174,0.06666565
39,1919,42.789,approach,-39.2,44.73492,-39.2,44.75966,0.02474594,15.882,110,0,0,0.04689026
40,1920,42.80886,approach,-39.2,44.71017,-39.2,44.75966,0.04949188,15.882,110,0,0,0.02702332
41,1921,42.82632,approach,-39.2,44.68542,-39.2,44.68542,0,15.92505,109,15.89237,173,0.06666565
42,1922,42.84863,approach,-39.2,44.66068,-39.2,44.68542,0.02474594,15.92505,109,0,0,0.0443573
43,1923,42.87309,approach,-39.2,44.63593,-39.2,44.68542,0.04949188,15.92505,109,0,0,0.01990509
44,1924,42.89359,approach,-39.2,44.61119,-39.2,44.61119,0,15.96402,108,15.94482,176,0.06666565
45,1925,42.91809,approach,-39.2,44.58644,-39.2,44.61119,0.02474594,15.96402,108,0,0,0.04216003
46,1926,42.94082,approach,-39.2,44.5617,-39.2,44.61119,0.04949188,15.96402,108,0,0,0.01943207
47,1927,43.00662,approach,-39.2,44.53695,-39.2,44.53695,0,16.04882,110,16.04882,174,0.06666565
48,1928,43.0463,approach,-39.2,44.5122,-39.2,44.53695,0.02474594,16.04882,110,0,0,0.02698517
49,1929,43.06736,approach,-39.2,44.48746,-39.2,44.53695,0.04949188,16.04882,110,0,0,0.00592804
50,1930,43.09375,approach,-39.2,44.46272,-39.2,44.46272,0,16.10195,109,16.10195,175,0.06666565
51,1931,43.11369,approach,-39.2,44.43797,-39.2,44.46272,0.02474594,16.10195,109,0,0,0.04672623
52,1932,43.1349,approach,-39.2,44.41322,-39.2,44.46272,0.04949188,16.10195,109,0,0,0.0255127
53,1933,43.15594,approach,-39.2,44.38848,-39.2,44.38848,0,16.15541,108,16.15541,174,0.06666565
54,1934,43.17948,approach,-39.2,44.36373,-39.2,44.38848,0.02474594,16.15541,108,0,0,0.04312897
55,1935,43.20453,approach,-39.2,44.33899,-39.2,44.38848,0.04949188,16.15541,108,0,0,0.01807785
56,1936,43.23063,approach,-39.2,44.31424,-39.2,44.31424,0,16.20945,107,16.20945,176,0.06666565
57,1937,43.25187,approach,-39.2,44.28949,-39.2,44.31424,0.02474594,16.20945,107,0,0,0.04542542
58,1938,43.28061,approach,-39.2,44.26475,-39.2,44.31424,0.04949188,16.20945,107,0,0,0.01668167
59,1939,43.32064,approach,-39.2,44.24,-39.2,44.24,0,16.23613,105,16.26432,174,0.06666565
60,1940,43.35004,parallel,-40.49994,44.42353,-40.49994,44.42353,0,16.77147,140,17.30689,180,0.06666565
61,1941,43.37606,parallel,-40.48745,44.41893,-40.49994,44.42353,0.01331591,16.77147,140,0,0,0.04064941
62,1942,43.44688,parallel,-40.65065,44.12847,-40.65065,44.12847,0,3.199677,22,17.1671,178,0.06666565
63,1943,43.47825,parallel,-40.62091,44.14408,-40.65065,44.12847,0.03358729,3.199677,22,0,0,0.03528976
64,1944,43.50795,parallel,-40.47648,44.42852,-40.47648,44.42852,0,16.77056,139,17.17299,177,0.06666565
65,1945,43.53046,parallel,-40.54072,44.18619,-40.54072,44.18619,0,2.041235,33,17.00669,179,0.06666565
66,1946,43.55562,parallel,-40.50485,44.20519,-40.54072,44.18619,0.04059146,2.041235,33,0,0,0.04150391
67,1947,43.57938,parallel,-40.46745,44.22441,-40.46745,44.22441,0,16.97244,140,16.99552,119,0.06666565
68,1948,43.60209,parallel,-40.43025,44.24,-40.46745,44.22441,0.0403273,16.97244,140,0,0,0.04395676
69,1949,43.62447,parallel,-40.38403,44.24,-40.38403,44.24,0,16.96607,135,16.9674,176,0.06666565
70,1950,43.64766,parallel,-40.33781,44.24,-40.38403,44.24,0.04621887,16.96607,135,0,0,0.04347992
71,1951,43.67203,parallel,-40.2916,44.24,-40.2916,44.24,0,16.95274,129,16.96607,177,0.06666565
72,1952,43.69368,parallel,-40.24538,44.24,-40.2916,44.24,0.04621887,16.95274,129,0,0,0.04501724
73,1953,43.71999,parallel,-40.19916,44.24,-40.19916,44.24,0,16.88909,125,16.95274,175,0.06666565
74,1954,43.74776,parallel,-40.15294,44.24,-40.19916,44.24,0.04621887,16.88909,125,0,0,0.03889847
75,1955,43.77883,parallel,-40.10672,44.24,-40.10672,44.24,0,16.87388,120,16.92928,176,0.06666565
76,1956,43.84214,parallel,-40.0605,44.24,-40.10672,44.24,0.04621887,16.87388,120,0,0,0.003356934
77,1957,43.99212,parallel,-40.01429,44.24,-40.01429,44.24,0,16.79908,117,16.87497,174,0.06666565
78,1958,44.10249,parallel,-39.96807,44.24,-39.96807,44.24,0,16.78083,115,16.82747,169,0.06666565
79,1959,44.21352,parallel,-39.92185,44.24,-39.92185,44.24,0,16.73715,114,16.78083,168,0.06666565
80,1960,44.27399,parallel,-39.87563,44.24,-39.92185,44.24,0.04621887,16.73715,114,0,0,0.006198883
81,1961,44.3261,parallel,-39.82941,44.24,-39.82941,44.24,0,16.68138,111,16.76247,174,0.06666565
82,1962,44.36828,parallel,-39.78319,44.24,-39.82941,44.24,0.04621887,16.68138,111,0,0,0.02449036
83,1963,44.3985,parallel,-39.73697,44.24,-39.73697,44.24,0,16.63401,115,16.70364,171,0.06666565
84,1964,44.42651,parallel,-39.69075,44.24,-39.73697,44.24,0.04621887,16.63401,115,0,0,0.03865051
85,1965,44.4519,parallel,-39.64454,44.24,-39.64454,44.24,0,16.57884,113,16.62775,170,0.06666565
86,1966,44.48252,parallel,-39.59832,44.24,-39.64454,44.24,0.04621887,16.57884,113,0,0,0.03604507
87,1967,44.50872,parallel,-39.5521,44.24,-39.5521,44.24,0,16.51663,111,16.5555,168,0.06666565
88,1968,44.53565,parallel,-39.50588,44.24,-39.5521,44.24,0.04621887,16.51663,111,0,0,0.03973007
89,1969,44.56291,parallel,-39.45966,44.24,-39.45966,44.24,0,16.44594,109,16.46683,172,0.06666565
90,1970,44.58442,parallel,-39.41344,44.24,-39.45966,44.24,0.04621887,16.44594,109,0,0,0.0451622
91,1971,44.60801,parallel,-39.36723,44.24,-39.36723,44.24,0,16.36495,107,16.38654,170,0.06666565
92,1972,44.69971,parallel,-39.32101,44.24,-39.32101,44.24,0,16.3442,107,16.29611,169,0.06666565
93,1973,44.73214,parallel,-39.27479,44.24,-39.32101,44.24,0.04621887,16.3442,107,0,0,0.03423309
94,1974,44.75937,parallel,-39.22857,44.24,-39.22857,44.24,0,16.24956,105,16.27744,171,0.06666565
95,1975,44.78378,parallel,-39.18235,44.24,-39.22857,44.24,0.04621506,16.24956,105,0,0,0.0422554
96,1976,44.80601,parallel,-39.13614,44.24,-39.13614,44.24,0,16.17419,104,16.17419,173,0.06666565
97,1977,44.83982,parallel,-39.08992,44.24,-39.13614,44.24,0.04621887,16.17419,104,0,0,0.03285599
98,1978,44.86924,parallel,-39.0437,44.24,-39.0437,44.24,0,16.09309,103,16.09309,173,0.06666565
99,1979,44.89701,parallel,-38.99748,44.24,-39.0437,44.24,0.04621887,16.09309,103,0,0,0.03889847
100,1980,44.92649,parallel,-38.95126,44.24,-38.95126,44.24,0,16.04723,103,1.392109,169,0.06666565
101,1981,44.95303,parallel,-38.90504,44.24,-38.95126,44.24,0.04621887,16.04723,103,0,0,0.0401268
102,1982,44.97342,parallel,-38.85882,44.24,-38.85882,44.24,0,15.95827,102,15.95827,172,0.06666565
103,1983,45.00174,parallel,-38.8126,44.24,-38.85882,44.24,0.04621887,15.95827,102,0,0,0.03834534
104,1984,45.02962,parallel,-38.76638,44.24,-38.76638,44.24,0,15.86179,101,15.86179,171,0.06666565
105,1985,45.05256,parallel,-38.72017,44.24,-38.76638,44.24,0.04621506,15.86179,101,0,0,0.04372406
106,1986,45.0763,parallel,-38.67395,44.24,-38.67395,44.24,0,15.75673,100,15.75673,175,0.06666565
107,1987,45.14959,parallel,-38.62773,44.24,-38.62773,44.24,0,15.73149,100,1.497884,166,0.06666565
108,1988,45.23264,parallel,-38.58151,44.24,-38.58151,44.24,0,15.70624,100,1.448709,164,0.06666565
109,1989,45.29504,parallel,-38.53529,44.24,-38.58151,44.24,0.04621887,15.70624,100,0,0,0.004272461
110,1990,45.33551,parallel,-38.48907,44.24,-38.48907,44.24,0,15.58945,99,15.58945,174,0.06666565
111,1991,45.37418,parallel,-38.44286,44.24,-38.48907,44.24,0.04621887,15.58945,99,0,0,0.02799225
112,1992,45.40805,parallel,-38.39664,44.24,-38.39664,44.24,0,15.53707,99,15.31474,175,0.06666565
113,1993,45.44511,parallel,-38.35042,44.24,-38.39664,44.24,0.04621887,15.53707,99,0,0,0.02960205
114,1994,45.50364,parallel,-38.3042,44.24,-38.3042,44.24,0,15.40658,98,15.40658,175,0.06666565
115,1995,45.5522,parallel,-38.25798,44.24,-38.3042,44.24,0.04621506,15.40658,98,0,0,0.01810074
116,1996,45.60773,parallel,-38.21177,44.24,-38.21177,44.24,0,15.3521,98,1.353881,173,0.06666565
117,1997,45.65654,parallel,-38.16555,44.24,-38.21177,44.24,0.04621887,15.3521,98,0,0,0.0178566
118,1998,45.72317,parallel,-38.11933,44.24,-38.11933,44.24,0,15.33029,98,15.07656,176,0.06666565
119,1999,45.79369,parallel,-38.07311,44.24,-38.07311,44.24,0,15.30284,98,1.341446,165,0.06666565
120,2000,45.87827,parallel,-38.02689,44.24,-38.02689,44.24,0,15.14874,97,15.14874,159,0.06666565
121,2001,45.96507,parallel,-37.98067,44.24,-37.98067,44.24,0,15.12032,97,1.351301,156,0.06666565
122,2002,46.11225,parallel,-37.93445,44.24,-37.93445,44.24,0,15.09189,97,1.355122,152,0.06666565
123,2003,46.21925,parallel,-37.88823,44.24,-37.93445,44.24,0.04621887,15.09189,97,0,0,-0.04033279
124,2004,46.28615,parallel,-37.84201,44.24,-37.93445,44.24,0.09243774,15.09189,97,0,0,-0.107235
125,2005,46.32773,parallel,-37.7958,44.24,-37.93445,44.24,0.1386528,15.09189,97,0,0,-0.1488113
126,2006,46.37143,parallel,-37.74985,44.24052,-37.93445,44.24,0.1846054,15.09189,97,0,0,-0.1925125
127,2007,46.41672,parallel,-37.71328,44.25954,-37.93445,44.24,0.2220334,15.09189,97,0,0,-0.2378006
128,2008,46.45944,parallel,-37.67659,44.27829,-37.93445,44.24,0.2606935,15.09189,97,0,0,-0.2805252
129,2009,46.50809,parallel,-37.6398,44.29695,-37.93445,44.24,0.3001072,15.09189,97,0,0,-0.329174
130,2010,46.54908,parallel,-37.60301,44.31561,-37.93445,44.24,0.3399535,15.09189,97,0,0,-0.370163
131,2011,46.58801,parallel,-37.6573,44.28793,-37.93445,44.24,0.2812659,15.09189,97,0,0,-0.4090958
132,2012,46.62651,parallel,-37.66128,44.28593,-37.93445,44.24,0.2770047,15.09189,97,0,0,-0.4475975
133,2013,46.66653,parallel,-37.47066,44.08395,-37.93445,44.24,0.4893429,15.09189,97,0,0,-0.4876137
134,2014,46.71001,parallel,-37.28196,44.17353,-37.93445,44.24,0.6558692,15.09189,97,0,0,-0.5310974
135,2015,46.74887,parallel,-37.24122,44.19457,-37.93445,44.24,0.6947207,15.09189,97,0,0,-0.5699539
136,2016,46.79028,parallel,-37.25888,44.18542,-37.93445,44.24,0.6777686,15.09189,97,0,0,-0.6113663
137,2017,46.89205,parallel,-37.2227,44.20395,-37.93445,44.24,0.7126625,15.09189,97,0,0,-0.7131348
138,2018,46.95206,parallel,-37.18628,44.22308,-37.93445,44.24,0.748364,15.09189,97,0,0,-0.77314
139,2019,46.98809,parallel,-37.14874,44.24,-37.93445,44.24,0.7857132,15.09189,97,0,0,-0.8091736
140,2020,47.02337,parallel,-37.10252,44.24,-37.93445,44.24,0.8319321,15.09189,97,0,0,-0.8444481
141,2021,47.0628,parallel,-37.0563,44.24,-37.93445,44.24,0.8781509,15.09189,97,0,0,-0.8838844
142,2022,47.09537,parallel,-37.01008,44.24,-37.93445,44.24,0.9243698,15.09189,97,0,0,-0.9164505
143,2023,47.13823,parallel,-36.96386,44.24,-37.93445,44.24,0.9705887,15.09189,97,0,0,-0.9593163
144,2024,47.18563,parallel,-36.91764,44.24,-37.93445,44.24,1.016808,15.09189,97,0,0,-1.00671
145,2025,47.22615,parallel,-36.87143,44.24,-37.93445,44.24,1.063023,15.09189,97,0,0,-1.04723
146,2026,47.26823,parallel,-36.82521,44.24,-37.93445,44.24,1.109241,15.09189,97,0,0,-1.089317
147,2027,47.32456,parallel,-36.77899,44.24,-37.93445,44.24,1.15546,15.09189,97,0,0,-1.145645
148,2028,47.37288,parallel,-36.73277,44.24,-37.93445,44.24,1.201679,15.09189,97,0,0,-1.193962
149,2029,47.40812,parallel,-36.68655,44.24,-37.93445,44.24,1.247898,15.09189,97,0,0,-1.229206
150,2030,47.44684,parallel,-36.64034,44.24,-37.93445,44.24,1.294117,15.09189,97,0,0,-1.267921
151,2031,47.50216,parallel,-36.59412,44.24,-37.93445,44.24,1.340336,15.09189,97,0,0,-1.323246
152,2032,47.58517,parallel,-36.5479,44.24,-37.93445,44.24,1.386555,15.09189,97,0,0,-1.406254
153,2033,47.62699,parallel,-36.50168,44.24,-37.93445,44.24,1.432774,15.09189,97,0,0,-1.448071
154,2034,47.66176,parallel,-36.45546,44.24,-37.93445,44.24,1.478992,15.09189,97,0,0,-1.482845
155,2035,47.69611,parallel,-36.40924,44.24,-37.93445,44.24,1.525208,15.09189,97,0,0,-1.517189
156,2036,47.72886,parallel,-36.36303,44.24,-37.93445,44.24,1.571426,15.09189,97,0,0,-1.549946
157,2037,47.75809,parallel,-36.31681,44.24,-37.93445,44.24,1.617645,15.09189,97,0,0,-1.579178
158,2038,47.78257,parallel,-36.27059,44.24,-37.93445,44.24,1.663864,15.09189,97,0,0,-1.603657
159,2039,47.81011,parallel,-36.22437,44.24,-37.93445,44.24,1.710083,15.09189,97,0,0,-1.631195
160,2040,47.83458,parallel,-36.17815,44.24,-37.93445,44.24,1.756302,15.09189,97,0,0,-1.655659
161,2041,47.85843,parallel,-36.13193,44.24,-37.93445,44.24,1.802521,15.09189,97,0,0,-1.679512
162,2042,47.87815,parallel,-36.08571,44.24,-37.93445,44.24,1.84874,15.09189,97,0,0,-1.699238
163,2043,47.89903,parallel,-36.03949,44.24,-37.93445,44.24,1.894958,15.09189,97,0,0,-1.720116
164,2044,47.92267,parallel,-35.99327,44.24,-37.93445,44.24,1.941177,15.09189,97,0,0,-1.743755
165,2045,47.9476,parallel,-35.94706,44.24,-37.93445,44.24,1.987392,15.09189,97,0,0,-1.768684
166,2046,47.97246,parallel,-35.90084,44.24,-37.93445,44.24,2.033611,15.09189,97,0,0,-1.793545
167,2047,48.0423,parallel,-35.85462,44.24,-37.93445,44.24,2.07983,15.09189,97,0,0,-1.863384
168,2048,48.07452,parallel,-35.8084,44.24,-37.93445,44.24,2.126049,15.09189,97,0,0,-1.895607
169,2049,48.10392,parallel,-35.76218,44.24,-37.93445,44.24,2.172268,15.09189,97,0,0,-1.925007
170,2050,48.13111,parallel,-35.71597,44.24,-37.93445,44.24,2.218487,15.09189,97,0,0,-1.952194
171,2051,48.16788,parallel,-35.66975,44.24,-37.93445,44.24,2.264706,15.09189,97,0,0,-1.988964
172,2052,48.20053,parallel,-35.62353,44.24,-37.93445,44.24,2.310925,15.09189,97,0,0,-2.02161
173,2053,48.23884,parallel,-35.57731,44.24,-37.93445,44.24,2.357143,15.09189,97,0,0,-2.059921
174,2054,48.28436,parallel,-35.53109,44.24,-37.93445,44.24,2.403362,15.09189,97,0,0,-2.105442
175,2055,48.33487,parallel,-35.48487,44.24,-37.93445,44.24,2.449577,15.09189,97,0,0,-2.155952
176,2056,48.38417,parallel,-35.43866,44.24,-37.93445,44.24,2.495796,15.09189,97,0,0,-2.205257
177,2057,48.44022,parallel,-35.39244,44.24,-37.93445,44.24,2.542015,15.09189,97,0,0,-2.261299
178,2058,48.50703,parallel,-35.34622,44.24,-37.93445,44.24,2.588234,15.09189,97,0,0,-2.328114
179,2059,48.56837,parallel,-35.3,44.24,-37.93445,44.24,2.634453,15.09189,97,0,0,-2.38945
